Genotype,Nickname,Simplified region,Simplified Nickname,Old Simplified Nickname,Split
M7,PR,Control,Wild-type(PR),PR,m
TNTxZ2018,Empty-Gal4,Control,Empty-Gal4,Empty-Gal4,n
TNTxZ2035,Empty-Split,Control,Empty-Split-Gal4,Empty-Split,y
TNTxM6,TNTxCS,Control,TNTxCS,TNTxCS,m
TNTxM7,TNTxPR,Control,TNTxPR,TNTxPR,m
M6,CS,Control,Wild-Type(CS),CS,m
PR,PR,Control,Wild-type(PR),PR,m
TNTxZ1661,GMR70G12-Gal4,CX,DDC,GMR70G12-Gal4,n
TNTxZ1711,SS32230-Gal4 (LAL-1),CX,SS32230(LAL-1),SS32230-Gal4,y
TNTxZ1712,SS32219-Gal4 (LAL-2),CX,SS32219(LAL-2),SS32219-Gal4,y
TNTxZ1973,R59B10-gal4 (R4m - medial (EB)),CX,R4m-medial(EB),R59B10-gal4 ,n
TNTxZ1974,R78A01 (ExR1 (EB)),CX,ExR1(EB),R78A01 ,n
TNTxZ1975,R80C07-gal4 (ER3d (EB)),CX,ER3D(EB),R80C07-gal4 ,n
TNTxZ1979,R28D01-gal4 (ER3m (EB)),CX,ER3m(EB),R28D01-gal4 ,n
TNTxZ1980,R38H02-gal4 (R4 (EB)),CX,R4(EB),R38H02-gal4 ,n
TNTxZ1981,R84H09-gal4 (ER3d (EB)),CX,ER3d(EB),R84H09-gal4 ,n
TNTxZ1982,R12G08-gal4 (ER3a (EB)),CX,ER3a(EB),R12G08-gal4 ,n
TNTxZ1983,R78B06-gal4 (ER2 (EB)),CX,ER2(EB),R78B06-gal4 ,n
TNTxZ1984,R12B01-gal4 (R4d - distal (EB)),CX,R4d(EB),R12B01-gal4 ,n
TNTxZ1985,R12D09 (P-EN1(2) patch line),CX,P-EN1,R12D09 ,n
TNTxZ1987,R14G09 (ExR4 (EB)),CX,ExR4,R14G09 ,n
TNTxZ1988,R15B07-gal4 (R1/R3/R4d (EB)),CX,R1-R3-R4d(EB),R15B07-gal4 ,n
TNTxZ1990,R28E01-gal4 (ER3m (EB)),CX,ER3m(EB),R28E01-gal4 ,n
TNTxZ1991,R31A12-Gal4 (ER1 (EB)),CX,ER1(EB),R31A12-Gal4 ,n
TNTxZ1993,R44B10 (Ventral P-FN silencing line),CX,P-FN-ventral,R44B10 ,n
TNTxZ2025,R19G02 (E-PG),CX,E-PG-1,R19G02 ,y
TNTxZ2026,SS00078-gal4 (PBG2‐9.s‐FBℓ3.b‐NO2D.b (PB)),CX,PB-3,SS00078-gal4 ,y
TNTxZ2029,SS02255-GAL4 (P-F2N3 (target FSB)),CX,FSB-1,SS02255-GAL4 ,y
TNTxZ2030,SS02239-gal4 (P-F3LC patch line),CX,P-F3LC,SS02239-gal4 ,y
TNTxZ2036,SS52244-GAL4 (P-F1N3 (target FSB)),CX,FSB-3,SS52244-GAL4 ,y
TNTxZ2037,SS54549 (P-F3-5R patch line),CX,FSB-4,SS54549 ,y
TNTxZ2038,SS54295-gal4 (PBG2‐9.s‐EBt.b‐NO1.b (PB)),CX,PB-2,SS54295-gal4 ,y
TNTxZ2039,SS52577-gal4 (PBG2‐9.s‐FBℓ3.b‐NO2V.b (PB)),CX,PB-1,SS52577-gal4 ,y
TNTxZ2040,SS47432 (LNa imaging line),CX,LNa,SS47432 ,y
TNTxZ2041,R70G12 (E-PG),CX,E-PG-2,R70G12 ,y
TNTxLAL2,SS32219-Gal4 (LAL-2),CX,SS32219(LAL-2),SS32219-Gal4 ,y
TNTxLAL1,SS32230-Gal4 (LAL-1),CX,SS32230(LAL-1),SS32230-Gal4 ,y
TNTxEPG,GMR70G12-Gal4,CX,E-PG,GMR70G12-Gal4,n
TNTxZ1899,86728 (DNp02) (SS01053),DN,DNP02,DNp02,y
TNTxZ1900,86830 (pC1-SS1),DN,DN pC1-SS1,pC1-SS1,y
TNTxG54,GMR86D09-GAL4,fchON,fchOn,GMR86D09-GAL4,n
TNTxG53,"JON-AB
JO-15""",JON,JON,JON-AB,n
TNTxZ1893,86709 (LH188),LH,LH188,LH188,y
TNTxZ1894,86710 (LH290),LH,LH290,LH290,y
TNTxZ1895,86712 (LH421),LH,LH421,LH421,y
TNTxZ1896,86713 (LH279),LH,LH279,LH279,y
TNTxZ1897,86714 (LH180),LH,LH180,LH180,y
TNTxZ1898,86720 (LH18),LH,LH18,LH18,y
TNTxZ1723,75823 (LH2446),LH,LH2446,LH2446,y
TNTxZ1740,75860 (LH2454),LH,LH2454,LH2454,y
TNTxZ1810,75945 (LH1543),LH,LH1543,LH1543,y
TNTxZ1821,75956 (LH2445),LH,LH2445,LH2445,y
TNTxZ1841,76003 (LH528),LH,LH528,LH528,y
TNTxZ1843,76013 (LH1827),LH,LH1827,LH1827,y
TNTxZ1845,86604 (LH2001),LH,LH2001,LH2001,y
TNTxZ1846,86615 (LH2201),LH,LH2201,LH2201,y
TNTxZ1847,86630 (LH2385),LH,LH2385,LH2385,y
TNTxZ1848,86632 (LH2392),LH,LH2392,LH2392,y
TNTxZ1849,86633 (LH2382),LH,LH2382,LH2382,y
TNTxZ1850,86634 (LH2193),LH,LH2193,LH2193,y
TNTxZ1851,86636 (LH2087),LH,LH2087,LH2087,y
TNTxZ1873,86676 (LH191),LH,LH191,LH191,y
TNTxZ1874,86678 (LH1112),LH,LH1112,LH1112,y
TNTxZ1875,86680 (LH788),LH,LH788,LH788,y
TNTxZ1876,86681 (LH141),LH,LH141,LH141,y
TNTxZ1877,86682 (LH85),LH,LH85,LH85,y
TNTxZ1878,86683 (LH168),LH,LH168,LH168,y
TNTxZ1879,86685 (LH272),LH,LH272,LH272,y
TNTxZ1880,86690 (LH374),LH,LH374,LH374,y
TNTxZ1881,86692 (LH1479),LH,LH1479,LH1479,y
TNTxZ1882,86693 (LH979),LH,LH979,LH979,y
TNTxZ1883,86694 (LH1337),LH,LH1337,LH1337,y
TNTxZ1884,86695 (LH1284),LH,LH1284,LH1284,y
TNTxZ1886,86697 (LH989),LH,LH989,LH989,y
TNTxZ1887,86698 (LH258),LH,LH258,LH258,y
TNTxZ1888,86699 (LH123),LH,LH123,LH123,y
TNTxZ1889,86701 (LH849),LH,LH849,LH849,y
TNTxZ1890,86703 (LH1531),LH,LH1531,LH1531,y
TNTxZ1891,86705 (LH1668),LH,LH1668,LH1668,y
TNTxZ1892,86707 (LH578),LH,LH578,LH578,y
TNTxZ1852,86637 (LH2220),LH,LH2220,LH2220,y
TNTxZ1854,86639 (LH1990),LH,LH1990,LH1990,y
TNTxZ1855,86641 (LH1900),LH,LH1900,LH1900,y
TNTxZ1856,86643 (LH1893),LH,LH1893,LH1893,y
TNTxZ1857,86647 (LH1959),LH,LH1959,LH1959,y
TNTxZ1858,86652 (LH2033),LH,LH2033,LH2033,y
TNTxZ1859,86653 (LH1925),LH,LH1925,LH1925,y
TNTxZ1860,86656 (LH721),LH,LH721,LH721,y
TNTxZ1861,86657 (LH629),LH,LH629,LH629,y
TNTxZ1862,86658 (LH1744),LH,LH1744,LH1744,y
TNTxZ1863,86659 (LH1721),LH,LH1721,LH1721,y
TNTxZ1865,86661 (LH1554),LH,LH1554,LH1554,y
TNTxZ1866,86666 (LH1139),LH,LH1139,LH1139,y
TNTxZ1867,86667 (LH1000),LH,LH1000,LH1000,y
TNTxZ1868,86669 (LH567),LH,LH567,LH567,y
TNTxZ1869,86670 (LH1594),LH,LH1594,LH1594,y
TNTxZ1870,86671 (LH412),LH,LH412,LH412,y
TNTxZ1871,86674 (LH247),LH,LH247,LH247,y
TNTxZ1872,86675 (LH542),LH,LH542,LH542,y
TNTxG78,KC-α/βc-GaL4,MB,KC-α-βc,KC-α/βc-GaL4,y
TNTxG79,KC-γd-GaL4,MB,KC-γd,KC-γd-GaL4,y
TNTxG80,MBON-11-GaL4 (MBON-γ1pedc>α/β),MB,MBON 11,MBON-11-GaL4,y
TNTxG81,KC-γmain-GaL4,MB,KC-γmain,KC-γmain-GaL4,y
TNTxG82,KC-α/βs-GaL4,MB,KC-α-βs,KC-α/βs-GaL4,y
TNTxG83,MBON-01-GaL4 (MBON-γ5β′2a),MB,MBON-γ5β′2a,MBON-01-GaL4,y
TNTxG84,MBON-10-GaL4 (MBON-β′1),MB,MBON-β′1,MBON-10-GaL4,y
TNTxG85,MBON-12-GaL4 (MBON-γ2α′1),MB,MBON-γ2α′1,MBON-12-GaL4,y
TNTxG86,MBON-14-GaL4 (MBON-α3),MB,MBON-α3,MBON-14-GaL4,y
TNTxG87,MBON-08-GaL4  MBON-09-GaL4 ,MB,MBON-γ3_MBON-γ3β′1,MBON-08-GaL4  MBON-09-GaL4 ,y
TNTxG88,MBON-04-GaL4 (MBON-β′2mp_bilateral),MB,MBON-β′2mp_bilateral,MBON-04-GaL4,y
TNTxG89,MBON-13-GaL4 (MBON-α′2),MB,MBON-α′2,MBON-13-GaL4,y
TNTxG90,MBON-16-GaL4   MBON-17-Gal4 ,MB,MBON-α′3ap_α′3m,MBON-16-GaL4   MBON-17-Gal4 ,y
TNTxG91,MBON-03-GaL4 (MBON-β′2mp),MB,MBON-β′2mp,MBON-03-GaL4,y
TNTxG92,MBON-22-GaL4 (MBON-calyx),MB,MBON-calyx,MBON-22-GaL4,y
TNTxG93,MB310C,MB,MBON-α1,MB310C,y
TNTxG94,MB418B ,MB,KC-α'-β'm,MB418B ,y
TNTxG95,MB434B,MB,MBON-γ4toγ1γ2_MBON-β1toα,MB434B,y
TNTxG96,MB543B,MB,MBON-α′1,MB543B,y
TNTxG97,MB399B,MB,MBON-β2β′2a,MB399B,y
TNTxG98,MB463B,MB,KC-α′-β′ap,MB463B,y
TNTxG99,MB542B,MB,MBON-α2p3p,MB542B,y
TNTxG100,MB549C,MB,MBON-α′3ap_α2sc,MB549C,y
TNTxG101,MB371B,MB,KC-α-βp,MB371B,y
TNTxZ1633,854 (OK107-Gal4),MB,OK107,OK107-Gal4,n
TNTxZ1638,7362 (C739-Gal4),MB,C739,C739-Gal4,n
TNTxZ1676,50742 (MB247-GAL4),MB,MB247,MB247-GAL4,n
TNTxMB247,MB247-Gal4,MB,MB247-2,MB247-Gal4,n
TNTxZ1636,DDC-gal4,MB extrinsic neurons,DDC-Gal4,DDC-gal4,n
TNTxZ1640,Ple-Gal4.F a.k.a TH-Gal4,MB extrinsic neurons,TH-Gal4,TH-Gal4,n
TNTxZ1972,c316 (MB-DPM),MB extrinsic neurons,MB-DPM(2),MB-DPM,n
TNTxZ1978,R58E02 (All PAMs),MB extrinsic neurons,All PAMs,All PAMs,n
TNTxZ1994,474 (MB-APL),MB extrinsic neurons,MB-APL-2,MB-APL,n
TNTxZ1995,MB063B (PAM-10),MB extrinsic neurons,PAM-10,PAM-10,y
TNTxZ1996,MB441B (PAM-12),MB extrinsic neurons,PAM-12,PAM-12,y
TNTxZ1997,MB320C (PPL1-01),MB extrinsic neurons,PPL1-01,PPL1-01,y
TNTxZ1998,MB109B (PAM-02),MB extrinsic neurons,PAM-02,PAM-02,y
TNTxZ1999,MB113C (OA-VPM4),MB extrinsic neurons,OA-VPM4,OA-VPM4,y
TNTxZ2000,MB188B (PAM-08),MB extrinsic neurons,PAM-08,PAM-08,y
TNTxZ2001,MB194B (PAM-09),MB extrinsic neurons,PAM-09,PAM-09,y
TNTxZ2002,MB213B (PAM-04),MB extrinsic neurons,PAM-04,PAM-04,y
TNTxZ2003,MB056B (PAM-05),MB extrinsic neurons,PAM-05,PAM-05,y
TNTxZ2004,MB058B (PPL1-05),MB extrinsic neurons,PPL1-05,PPL1-05,y
TNTxZ2005,MB065B (PPL1-06),MB extrinsic neurons,PPL1-06,PPL1-06,y
TNTxZ2006,MB013B (SIFamide),MB extrinsic neurons,SIFamide,SIFamide,y
TNTxZ2007,MB022B (OA-VPM3),MB extrinsic neurons,OA-VPM3,OA-VPM3,y
TNTxZ2008,MB025B (PAM-13-14),MB extrinsic neurons,PAM-13-14,PAM-13-14,y
TNTxZ2009,MB032B (PAM-06),MB extrinsic neurons,PAM-06,PAM-06,y
TNTxZ2010,MB043B (PAM-11),MB extrinsic neurons,PAM-11,PAM-11,y
TNTxZ2011,MB296B (PPL1-03),MB extrinsic neurons,PPL1-03,PPL1-03,y
TNTxZ2012,MB301B (PAM-03),MB extrinsic neurons,PAM-03,PAM-03,y
TNTxZ2013,MB312B (PAM-07),MB extrinsic neurons,PAM-07,PAM-07,y
TNTxZ2014,MB315C (PAM-01),MB extrinsic neurons,PAM-01,PAM-01,y
TNTxZ2015,MB504B (All PPL1),MB extrinsic neurons,All PPL1,All PPL1,y
TNTxZ2016,MB304B (PPL1-04),MB extrinsic neurons,PPL1-04,PPL1-04,y
TNTxZ2017,MB465C (MB-CSD),MB extrinsic neurons,MB-CSD,MB-CSD,y
TNTxZ2027,MB380B (MB-C1),MB extrinsic neurons,MB-C1,MB-C1,y
TNTxZ2042,VT43924 (MB-APL),MB extrinsic neurons,MB-APL,MB-APL,n
TNTxZ2043,VT64246 (MB-DPM),MB extrinsic neurons,MB-DPM,MB-DPM,n
TNTxDDC,DDC-gal4,MB extrinsic neurons,DDC-2,DDC-gal4,n
TNTxPLE,Ple-Gal4.F a.k.a TH-Gal4,MB extrinsic neurons,TH,TH-Gal4,n
TNTxTH,Ple-Gal4.F a.k.a TH-Gal4,MB extrinsic neurons,TH-2,TH-Gal4,n
TNTxZ1698,51989 (Dh31-GAL4 5F),Neuropeptide,Dh31-5F,Dh31-GAL4 5F,n
TNTxZ1699,51990 (FMRFa-GAL4 1M),Neuropeptide,FMRFa-1M,FMRFa-GAL4 1M,n
TNTxZ1700,51991 (sNPF-GAL4 2),Neuropeptide,sNPF-2,sNPF-GAL4 2,n
TNTxZ1701,51992 (Lk-GAL4 1),Neuropeptide,Lk-1,Lk-GAL4 1,n
TNTxZ1702,51993 (Lk-GAL4 2M),Neuropeptide,Lk-2M,Lk-GAL4 2M,n
TNTxZ1703,52017 (AstC-GAL4 1M),Neuropeptide,AstC1M,AstC-GAL4 1M,n
TNTxZ1678,51969 (Capa-GAL4 4F),Neuropeptide,Capa4F,Capa-GAL4 4F,n
TNTxZ1679,51970 (Capa-GAL4 5F),Neuropeptide,Capa5F,Capa-GAL4 5F,n
TNTxZ1680,51971 (Proc-GAL4 2M),Neuropeptide,Proc2M,Proc-GAL4 2M,n
TNTxZ1681,51972 (Proc-GAL4 6M),Neuropeptide,Proc6M,Proc-GAL4 6M,n
TNTxZ1682,51973 (Tk-GAL4 2Ma),Neuropeptide,Tk-2Ma,Tk-GAL4 2Ma,n
TNTxZ1683,51974 (Tk-GAL4 3Ma),Neuropeptide,Tk-3Ma,Tk-GAL4 3Ma,n
TNTxZ1684,51975 (Tk-GAL4 5Fa),Neuropeptide,Tk-5Fa,Tk-GAL4 5Fa,n
TNTxZ1685,51976 (Crz-GAL4 3M),Neuropeptide,Crz-3M,Crz-GAL4 3M,n
TNTxZ1686,51977 (Crz-GAL4 4M),Neuropeptide,Crz-4M,Crz-GAL4 4M,n
TNTxZ1687,51978 (AstA-GAL4 3M),Neuropeptide,AstA-3M,AstA-GAL4 3M,n
TNTxZ1688,51979 (AstA-GAL4 5),Neuropeptide,AstA-5,AstA-GAL4 5,n
TNTxZ1689,51980 (Burs-GAL4 4M),Neuropeptide,Burs-4M,Burs-GAL4 4M,n
TNTxZ1690,51981 (Dsk-GAL4 3M),Neuropeptide,Dsk-3M,Dsk-GAL4 3M,n
TNTxZ1691,51982 (ETH-GAL4 1M),Neuropeptide,ETH-1M,ETH-GAL4 1M,n
TNTxZ1692,51983 (Mip-GAL4 1M),Neuropeptide,Mip-1M,Mip-GAL4 1M,n
TNTxZ1693,51984 (Mip-GAL4 2M),Neuropeptide,Mip-2M,Mip-GAL4 2M,n
TNTxZ1694,51985 (Ms-GAL4 1M),Neuropeptide,Ms-1M,Ms-GAL4 1M,n
TNTxZ1695,51986 (Ms-GAL4 6Ma),Neuropeptide,Ms-6Ma,Ms-GAL4 6Ma,n
TNTxZ1696,51987 (Dh44-GAL4 2M),Neuropeptide,Dh44-2M,Dh44-GAL4 2M,n
TNTxZ1697,51988 (Dh31-GAL4 2M),Neuropeptide,Dh31-2M,Dh31-GAL4 2M,n
TNTxZ1650,25681 (NPF-GAL4 2),Neuropeptide,NPF-2,NPF-GAL4 2,n
TNTxZ1651,25682 (NPF-GAL4 1),Neuropeptide,NPF-1,NPF-GAL4 1,n
TNTxZ1642,9941 (GR63a mutant),Olfaction,GR63a-mutant,GR63a mutant,m
TNTxZ1643,9943 (GR63a-GAL4),Olfaction,GR63a,GR63a-GAL4,n
TNTxZ1644,9983 (OR47b-GAL4),Olfaction,OR47b,OR47b-GAL4,n
TNTxZ1646,9998 (OR67d-GAL4),Olfaction,OR67d,OR67d-GAL4,n
TNTxZ1647,23129 (ORCO mutant),Olfaction,ORCO-mutant,ORCO mutant,m
TNTxZ1648,23137 (OR88a-GAL4),Olfaction,OR88a,OR88a-GAL4,n
TNTxZ1649,23292 (ORCO-GAL4),Olfaction,ORCO,ORCO-GAL4,n
TNTxZ1654,30026 (GH146-GAL4),Olfaction,GH146,GH146-GAL4,n
TNTxZ1659,34497 (MZ19-GAL4),Olfaction,MZ19,MZ19-GAL4,n
TNTxZ1664,41728 (IR25a-GAL4),Olfaction,IR25a,IR25a-GAL4,n
TNTxZ1665,41731 (IR8a-GAL4),Olfaction,IR8a,IR8a-GAL4,n
TNTxZ1666,41737 (IR25a mutant),Olfaction,IR25a-mutant,IR25a mutant,m
TNTxZ1667,41744 (IR8a mutant),Olfaction,IR8a-mutant,IR8a mutant,m
TNTxZ1677,51306 (OR47b mutant),Olfaction,OR47b-mutant,OR47b mutant,m
TNTxG55,LC4,Vision,LC4,LC4,y
TNTxG56,LC6,Vision,LC6,LC6,y
TNTxG57,LC9,Vision,LC9,LC9,y
TNTxG58,LC10-1,Vision,LC10ad,LC10-1,y
TNTxG59,LC10-2,Vision,LC10bc,LC10-2,y
TNTxG60,LC11,Vision,LC11,LC11,y
TNTxG61,LC12,Vision,LC12,LC12,y
TNTxG62,LC13,Vision,LC13,LC13,y
TNTxG63,LC15,Vision,LC15,LC15,y
TNTxG64,LC16-1,Vision,LC16-1,LC16-1,y
TNTxG65,LC16-2,Vision,LC16-2,LC16-2,y
TNTxG66,LC20,Vision,LC20,LC20,y
TNTxG67,LC21,Vision,LC21,LC21,y
TNTxG68,LC22,Vision,LC22,LC22,y
TNTxG69,LC24,Vision,LC24,LC24,y
TNTxG70,LC25,Vision,LC25,LC25,y
TNTxG71,LC26,Vision,LC26,LC26,y
TNTxG72,LPLC2,Vision,LPLC2,LPLC2,y
TNTxG74,72D07-GAL4,Vision,PN-72D07,72D07-GAL4,n
TNTxG75,44H11-GAL4,Vision,PN-44H11,44H11-GAL4,n
TNTxG76,20G07-GAL4,Vision,PN-20G07,20G07-GAL4,n
TNTxG77,19H07-GAL4,Vision,PN-19H07,19H07-GAL4,n